{"data":{"Year":[2010,2011,2012,2013,2014,2015,2016,2017,2018,2019],"Value":[105.4230787,108.7678322,34.05685224,33.65624632,31.86425274,31.34821874,30.98577887,28.0834265,23.82666893,21.18677733]},"edges":[]}