Year,Value,GeoCode
2017-18,76.43242127,
2018-19,76.7314698,
2019-20,78.81351338,
2020-21,79.79113485,
