Year,Value,Series,GeoCode
2017-18,69.6198943145,Ward,
2018-19,64.1879246134,Ward,
2019-20,66.9354631575,Ward,
2020-21,62.8698839926,Ward,
