Year,Value
2010,105.4230787
2011,108.7678322
2012,34.05685224
2013,33.65624632
2014,31.86425274
2015,31.34821874
2016,30.98577887
2017,28.0834265
2018,23.82666893
2019,21.18677733
