Year,Value
2010,148.1980107
2011,151.1619886
2012,142.997349
2013,141.2488632
2014,132.8242708
2015,129.8395407
2016,126.5652906
2017,126.9416149
