Year,Value,Series,GeoCode
2017-18,25.4947089315,Ward,
2018-19,17.5967619068,Ward,
2019-20,18.071524594,Ward,
2020-21,21.1201119755,Ward,
