Year,Value
2010,5.8
2011,5.3
2012,5.2
2013,5.266809757
2014,5.10376338
2015,4.35266516
