Year,Unit,Value
2010,Opiate,7.547169811
2011,Opiate,10.66350711
2012,Opiate,9.116022099
2013,Opiate,8.735150245
2014,Opiate,9.253945481
2015,Opiate,7.499102978
2010,Non-Opiate,28.72928177
2011,Non-Opiate,33.07086614
2012,Non-Opiate,38.49372385
2013,Non-Opiate,47.00729927
2014,Non-Opiate,31.87702265
2015,Non-Opiate,30.01531394
2010,Alcohol,24.24242424
2011,Alcohol,44.74474474
2012,Alcohol,40.674955600000004
2013,Alcohol,43.09392265
2014,Alcohol,26.94524496
2015,Alcohol,31.14355231
