{"Year":[2010,2011,2012,2013,2014,2015],"Value":[5.8,5.3,5.2,5.266809757,5.10376338,4.35266516]}