{"Year":[2010,2011,2012,2013,2014,2015,2016,2017],"Value":[148.1980107,151.1619886,142.997349,141.2488632,132.8242708,129.8395407,126.5652906,126.9416149]}