{"Year":[2010,2011,2012,2013,2014,2015,2010,2011,2012,2013,2014,2015,2010,2011,2012,2013,2014,2015],"Unit":["Opiate","Opiate","Opiate","Opiate","Opiate","Opiate","Non-Opiate","Non-Opiate","Non-Opiate","Non-Opiate","Non-Opiate","Non-Opiate","Alcohol","Alcohol","Alcohol","Alcohol","Alcohol","Alcohol"],"Value":[7.547169811,10.66350711,9.116022099,8.735150245,9.253945481,7.499102978,28.72928177,33.07086614,38.49372385,47.00729927,31.87702265,30.01531394,24.24242424,44.74474474,40.6749556,43.09392265,26.94524496,31.14355231]}